version,size_bytes,trial,iterations,elapsed_ns,ns_per_call,mb_per_second,checksum
original_full_nat,0,1,8192,55977500,6833.190918,0.000000,182742447725531136
uint64_limbs,0,1,8192,58277416,7113.942383,0.000000,182742447725531136
word_blocks,0,1,16384,72792541,4442.904114,0.000000,7354680295806836736
word_blocks,0,2,16384,73473125,4484.443665,0.000000,7354680295806836736
uint64_limbs,0,2,8192,58979041,7199.589966,0.000000,182742447725531136
original_full_nat,0,2,8192,56050709,6842.127563,0.000000,182742447725531136
original_full_nat,0,3,8192,55958750,6830.902100,0.000000,182742447725531136
uint64_limbs,0,3,8192,58624167,7156.270386,0.000000,182742447725531136
word_blocks,0,3,16384,73189958,4467.160522,0.000000,7354680295806836736
word_blocks,0,4,16384,71500667,4364.054382,0.000000,7354680295806836736
uint64_limbs,0,4,8192,59116833,7216.410278,0.000000,182742447725531136
original_full_nat,0,4,8192,55501417,6775.075317,0.000000,182742447725531136
original_full_nat,0,5,8192,54156208,6610.865234,0.000000,182742447725531136
uint64_limbs,0,5,8192,56941625,6950.881958,0.000000,182742447725531136
word_blocks,0,5,16384,70283708,4289.777100,0.000000,7354680295806836736
word_blocks,0,6,16384,73016750,4456.588745,0.000000,7354680295806836736
uint64_limbs,0,6,8192,59112875,7215.927124,0.000000,182742447725531136
original_full_nat,0,6,8192,55880958,6821.406006,0.000000,182742447725531136
original_full_nat,0,7,8192,55736792,6803.807617,0.000000,182742447725531136
uint64_limbs,0,7,8192,59238375,7231.246948,0.000000,182742447725531136
word_blocks,0,7,16384,72528834,4426.808716,0.000000,7354680295806836736
word_blocks,0,8,16384,72032625,4396.522522,0.000000,7354680295806836736
uint64_limbs,0,8,8192,58139041,7097.050903,0.000000,182742447725531136
original_full_nat,0,8,8192,55218875,6740.585327,0.000000,182742447725531136
original_full_nat,0,9,8192,55272459,6747.126343,0.000000,182742447725531136
uint64_limbs,0,9,8192,57967958,7076.166748,0.000000,182742447725531136
word_blocks,0,9,16384,71519042,4365.175903,0.000000,7354680295806836736
original_full_nat,15,1,8192,71647042,8745.976807,1.715074,6996954459363725312
uint64_limbs,15,1,4096,40941375,9995.452881,1.500682,2558753261909370880
word_blocks,15,1,8192,59157750,7221.405029,2.077158,6996954459363725312
word_blocks,15,2,8192,59135875,7218.734741,2.077926,6996954459363725312
uint64_limbs,15,2,4096,40943416,9995.951172,1.500608,2558753261909370880
original_full_nat,15,2,8192,69819125,8522.842407,1.759976,6996954459363725312
original_full_nat,15,3,8192,69149541,8441.106079,1.777018,6996954459363725312
uint64_limbs,15,3,4096,39427458,9625.844238,1.558305,2558753261909370880
word_blocks,15,3,8192,57177167,6979.634644,2.149110,6996954459363725312
word_blocks,15,4,8192,58247167,7110.249878,2.109630,6996954459363725312
uint64_limbs,15,4,4096,40455334,9876.790527,1.518712,2558753261909370880
original_full_nat,15,4,8192,70814834,8644.388916,1.735230,6996954459363725312
original_full_nat,15,5,8192,70665917,8626.210571,1.738886,6996954459363725312
uint64_limbs,15,5,4096,40423333,9868.977783,1.519914,2558753261909370880
word_blocks,15,5,8192,58677500,7162.780762,2.094159,6996954459363725312
word_blocks,15,6,8192,59226292,7229.771973,2.074754,6996954459363725312
uint64_limbs,15,6,4096,41143000,10044.677734,1.493328,2558753261909370880
original_full_nat,15,6,8192,71475833,8725.077271,1.719182,6996954459363725312
original_full_nat,15,7,8192,71581125,8737.930298,1.716654,6996954459363725312
uint64_limbs,15,7,4096,41001416,10010.111328,1.498485,2558753261909370880
word_blocks,15,7,8192,59955833,7318.827271,2.049509,6996954459363725312
word_blocks,15,8,8192,60067833,7332.499146,2.045687,6996954459363725312
uint64_limbs,15,8,4096,41157750,10048.278809,1.492793,2558753261909370880
original_full_nat,15,8,8192,71301459,8703.791382,1.723387,6996954459363725312
original_full_nat,15,9,8192,71311333,8704.996704,1.723148,6996954459363725312
uint64_limbs,15,9,4096,40662792,9927.439453,1.510964,2558753261909370880
word_blocks,15,9,8192,58797959,7177.485229,2.089868,6996954459363725312
original_full_nat,16,1,8192,73421125,8962.539673,1.785208,15618025053062729728
uint64_limbs,16,1,4096,41938000,10238.769531,1.562688,7653960963606595584
word_blocks,16,1,8192,41889667,5113.484741,3.128982,15618025053062729728
word_blocks,16,2,8192,41455875,5060.531616,3.161723,15618025053062729728
uint64_limbs,16,2,4096,41196959,10057.851318,1.590797,7653960963606595584
original_full_nat,16,2,8192,72687417,8872.975708,1.803228,15618025053062729728
original_full_nat,16,3,8192,72562625,8857.742310,1.806329,15618025053062729728
uint64_limbs,16,3,4096,41361458,10098.012207,1.584470,7653960963606595584
word_blocks,16,3,8192,41475750,5062.957764,3.160208,15618025053062729728
word_blocks,16,4,8192,41405917,5054.433228,3.165538,15618025053062729728
uint64_limbs,16,4,4096,42059083,10268.330811,1.558189,7653960963606595584
original_full_nat,16,4,8192,73599500,8984.313965,1.780882,15618025053062729728
original_full_nat,16,5,8192,73483875,8970.199585,1.783684,15618025053062729728
uint64_limbs,16,5,4096,41957667,10243.571045,1.561955,7653960963606595584
word_blocks,16,5,8192,41894042,5114.018799,3.128655,15618025053062729728
word_blocks,16,6,8192,41839208,5107.325195,3.132755,15618025053062729728
uint64_limbs,16,6,4096,40841583,9971.089600,1.604639,7653960963606595584
original_full_nat,16,6,8192,72824666,8889.729736,1.799830,15618025053062729728
original_full_nat,16,7,8192,74088708,9044.031738,1.769122,15618025053062729728
uint64_limbs,16,7,4096,42064875,10269.744873,1.557974,7653960963606595584
word_blocks,16,7,8192,41957209,5121.729614,3.123945,15618025053062729728
word_blocks,16,8,8192,42024292,5129.918457,3.118958,15618025053062729728
uint64_limbs,16,8,4096,41860500,10219.848633,1.565581,7653960963606595584
original_full_nat,16,8,8192,72643208,8867.579102,1.804326,15618025053062729728
original_full_nat,16,9,8192,72666417,8870.412231,1.803749,15618025053062729728
uint64_limbs,16,9,4096,41416459,10111.440186,1.582366,7653960963606595584
word_blocks,16,9,8192,41654375,5084.762573,3.146656,15618025053062729728
original_full_nat,17,1,8192,79830250,9744.903564,1.744502,6245824619593551872
uint64_limbs,17,1,4096,43347250,10582.824707,1.606376,15217244089719302144
word_blocks,17,1,8192,43564041,5317.876099,3.196765,6245824619593551872
word_blocks,17,2,8192,43310917,5286.977173,3.215448,6245824619593551872
uint64_limbs,17,2,4096,42697250,10424.133301,1.630831,15217244089719302144
original_full_nat,17,2,8192,78847833,9624.979614,1.766238,6245824619593551872
original_full_nat,17,3,8192,78280500,9555.725098,1.779038,6245824619593551872
uint64_limbs,17,3,4096,42684083,10420.918701,1.631334,15217244089719302144
word_blocks,17,3,8192,42879375,5234.298706,3.247809,6245824619593551872
word_blocks,17,4,8192,42978958,5246.454834,3.240283,6245824619593551872
uint64_limbs,17,4,4096,42836834,10458.211426,1.625517,15217244089719302144
original_full_nat,17,4,8192,78805500,9619.812012,1.767186,6245824619593551872
original_full_nat,17,5,8192,78671875,9603.500366,1.770188,6245824619593551872
uint64_limbs,17,5,4096,42744458,10435.658691,1.629030,15217244089719302144
word_blocks,17,5,8192,42960417,5244.191528,3.241682,6245824619593551872
word_blocks,17,6,8192,42562000,5195.556641,3.272027,6245824619593551872
uint64_limbs,17,6,4096,42302541,10327.768799,1.646048,15217244089719302144
original_full_nat,17,6,8192,77934458,9513.483643,1.786937,6245824619593551872
original_full_nat,17,7,8192,77888834,9507.914307,1.787984,6245824619593551872
uint64_limbs,17,7,4096,42490625,10373.687744,1.638761,15217244089719302144
word_blocks,17,7,8192,42650542,5206.364990,3.265234,6245824619593551872
word_blocks,17,8,8192,42598250,5199.981689,3.269242,6245824619593551872
uint64_limbs,17,8,4096,42342375,10337.493896,1.644499,15217244089719302144
original_full_nat,17,8,8192,77637166,9477.193115,1.793780,6245824619593551872
original_full_nat,17,9,8192,78123042,9536.504150,1.782624,6245824619593551872
uint64_limbs,17,9,4096,42330167,10334.513428,1.644973,15217244089719302144
word_blocks,17,9,8192,42659833,5207.499146,3.264523,6245824619593551872
original_full_nat,64,1,4096,64410583,15725.239990,4.069890,16824613268559063040
uint64_limbs,64,1,4096,71523250,17461.730957,3.665158,16824613268559063040
word_blocks,64,1,8192,42813833,5226.297974,12.245762,2686843086659833856
word_blocks,64,2,8192,42857000,5231.567383,12.233427,2686843086659833856
uint64_limbs,64,2,4096,71203750,17383.728027,3.681604,16824613268559063040
original_full_nat,64,2,4096,63926208,15606.984375,4.100728,16824613268559063040
original_full_nat,64,3,4096,64411250,15725.402832,4.069848,16824613268559063040
uint64_limbs,64,3,4096,72233583,17635.152100,3.629115,16824613268559063040
word_blocks,64,3,8192,43061792,5256.566406,12.175248,2686843086659833856
word_blocks,64,4,8192,43230958,5277.216553,12.127605,2686843086659833856
uint64_limbs,64,4,4096,72944334,17808.675293,3.593754,16824613268559063040
original_full_nat,64,4,4096,65162584,15908.833984,4.022922,16824613268559063040
original_full_nat,64,5,4096,64968500,15861.450195,4.034940,16824613268559063040
uint64_limbs,64,5,4096,71137334,17367.513184,3.685041,16824613268559063040
word_blocks,64,5,8192,42623167,5203.023315,12.300541,2686843086659833856
word_blocks,64,6,8192,42554750,5194.671631,12.320317,2686843086659833856
uint64_limbs,64,6,4096,71472667,17449.381592,3.667752,16824613268559063040
original_full_nat,64,6,4096,65377375,15961.273193,4.009705,16824613268559063040
original_full_nat,64,7,4096,63504375,15503.997803,4.127968,16824613268559063040
uint64_limbs,64,7,4096,70271500,17156.127930,3.730445,16824613268559063040
word_blocks,64,7,8192,42199084,5151.255371,12.424156,2686843086659833856
word_blocks,64,8,8192,42147708,5144.983887,12.439300,2686843086659833856
uint64_limbs,64,8,4096,70849583,17297.261475,3.700008,16824613268559063040
original_full_nat,64,8,4096,64803458,15821.156738,4.045216,16824613268559063040
original_full_nat,64,9,4096,64685125,15792.266846,4.052616,16824613268559063040
uint64_limbs,64,9,4096,71920125,17558.624268,3.644932,16824613268559063040
word_blocks,64,9,8192,42931709,5240.687134,12.212139,2686843086659833856
original_full_nat,256,1,1024,43272792,42258.585938,6.057941,14158771454154519040
uint64_limbs,256,1,1024,46849916,45751.871094,5.595400,14158771454154519040
word_blocks,256,1,8192,45111083,5506.723999,46.488620,15805974032992538624
word_blocks,256,2,8192,44942583,5486.155151,46.662917,15805974032992538624
uint64_limbs,256,2,1024,46991834,45890.462891,5.578501,14158771454154519040
original_full_nat,256,2,1024,41976834,40993.001953,6.244968,14158771454154519040
original_full_nat,256,3,1024,41957750,40974.365234,6.247809,14158771454154519040
uint64_limbs,256,3,1024,45582166,44513.833984,5.751021,14158771454154519040
word_blocks,256,3,8192,44051875,5377.426147,47.606419,15805974032992538624
word_blocks,256,4,8192,44124625,5386.306763,47.527928,15805974032992538624
uint64_limbs,256,4,1024,45575750,44507.568359,5.751831,14158771454154519040
original_full_nat,256,4,1024,41856041,40875.040039,6.262991,14158771454154519040
original_full_nat,256,5,1024,41905625,40923.461914,6.255580,14158771454154519040
uint64_limbs,256,5,1024,45503584,44437.093750,5.760953,14158771454154519040
word_blocks,256,5,8192,44761333,5464.029907,46.851867,15805974032992538624
word_blocks,256,6,8192,45378666,5539.387939,46.214492,15805974032992538624
uint64_limbs,256,6,1024,46796000,45699.218750,5.601846,14158771454154519040
original_full_nat,256,6,1024,43062792,42053.507812,6.087483,14158771454154519040
original_full_nat,256,7,1024,42976333,41969.075195,6.099729,14158771454154519040
uint64_limbs,256,7,1024,46748250,45652.587891,5.607568,14158771454154519040
word_blocks,256,7,8192,44894000,5480.224609,46.713414,15805974032992538624
word_blocks,256,8,8192,45010041,5494.389771,46.592981,15805974032992538624
uint64_limbs,256,8,1024,46779458,45683.064453,5.603827,14158771454154519040
original_full_nat,256,8,1024,42876250,41871.337891,6.113968,14158771454154519040
original_full_nat,256,9,1024,42699167,41698.405273,6.139324,14158771454154519040
uint64_limbs,256,9,1024,46636250,45543.212891,5.621035,14158771454154519040
word_blocks,256,9,8192,44861541,5476.262329,46.747213,15805974032992538624
original_full_nat,1024,1,512,74552250,145609.863281,7.032491,15505493439845481728
uint64_limbs,1024,1,256,40693625,158959.472656,6.441894,5469037453344759424
word_blocks,1024,1,8192,56154875,6854.843140,149.383433,722304732373962752
word_blocks,1024,2,8192,56009958,6837.153076,149.769939,722304732373962752
uint64_limbs,1024,2,256,40211292,157075.359375,6.519164,5469037453344759424
original_full_nat,1024,2,512,74547083,145599.771484,7.032978,15505493439845481728
original_full_nat,1024,3,512,74947500,146381.835938,6.995403,15505493439845481728
uint64_limbs,1024,3,256,40612500,158642.578125,6.454761,5469037453344759424
word_blocks,1024,3,8192,55131833,6729.960083,152.155434,722304732373962752
word_blocks,1024,4,8192,55018208,6716.089844,152.469670,722304732373962752
uint64_limbs,1024,4,256,40493875,158179.199219,6.473670,5469037453344759424
original_full_nat,1024,4,512,75146042,146769.613281,6.976921,15505493439845481728
original_full_nat,1024,5,512,74706042,145910.238281,7.018013,15505493439845481728
uint64_limbs,1024,5,256,40583917,158530.925781,6.459308,5469037453344759424
word_blocks,1024,5,8192,55144833,6731.546997,152.119565,722304732373962752
word_blocks,1024,6,8192,55235625,6742.630005,151.869523,722304732373962752
uint64_limbs,1024,6,256,41343041,161496.253906,6.340704,5469037453344759424
original_full_nat,1024,6,512,76071542,148577.230469,6.892039,15505493439845481728
original_full_nat,1024,7,512,76071292,148576.742188,6.892061,15505493439845481728
uint64_limbs,1024,7,256,41124000,160640.625000,6.374477,5469037453344759424
word_blocks,1024,7,8192,55630792,6790.868164,150.790735,722304732373962752
word_blocks,1024,8,8192,55580250,6784.698486,150.927857,722304732373962752
uint64_limbs,1024,8,256,40889791,159725.746094,6.410989,5469037453344759424
original_full_nat,1024,8,512,75686916,147826.007812,6.927063,15505493439845481728
original_full_nat,1024,9,512,75931000,148302.734375,6.904795,15505493439845481728
uint64_limbs,1024,9,256,40898375,159759.277344,6.409643,5469037453344759424
word_blocks,1024,9,8192,56094542,6847.478271,149.544104,722304732373962752
original_full_nat,4096,1,128,72788666,568661.453125,7.202880,689248347845020736
uint64_limbs,4096,1,128,79264792,619256.187500,6.614387,689248347845020736
word_blocks,4096,1,4096,49986750,12203.796387,335.633263,4612679347921848320
word_blocks,4096,2,4096,49009666,11965.250488,342.324634,4612679347921848320
uint64_limbs,4096,2,128,78499833,613279.945312,6.678842,689248347845020736
original_full_nat,4096,2,128,72768625,568504.882812,7.204863,689248347845020736
original_full_nat,4096,3,128,72621125,567352.539062,7.219497,689248347845020736
uint64_limbs,4096,3,128,78177792,610764.000000,6.706355,689248347845020736
word_blocks,4096,3,4096,48195209,11766.408447,348.109622,4612679347921848320
word_blocks,4096,4,4096,48302708,11792.653320,347.334895,4612679347921848320
uint64_limbs,4096,4,128,76100875,594538.085938,6.889382,689248347845020736
original_full_nat,4096,4,128,70498375,550768.554688,7.436881,689248347845020736
original_full_nat,4096,5,128,70638917,551866.539062,7.422084,689248347845020736
uint64_limbs,4096,5,128,77088292,602252.281250,6.801137,689248347845020736
word_blocks,4096,5,4096,50854125,12415.557861,329.908655,4612679347921848320
word_blocks,4096,6,4096,50680375,12373.138428,331.039697,4612679347921848320
uint64_limbs,4096,6,128,78087041,610055.007812,6.714149,689248347845020736
original_full_nat,4096,6,128,72402250,565642.578125,7.241322,689248347845020736
original_full_nat,4096,7,128,72265166,564571.609375,7.255058,689248347845020736
uint64_limbs,4096,7,128,79252791,619162.429688,6.615388,689248347845020736
word_blocks,4096,7,4096,50451333,12317.219971,332.542571,4612679347921848320
word_blocks,4096,8,4096,50427834,12311.482910,332.697534,4612679347921848320
uint64_limbs,4096,8,128,79055458,617620.765625,6.631901,689248347845020736
original_full_nat,4096,8,128,72935750,569810.546875,7.188354,689248347845020736
original_full_nat,4096,9,128,72249584,564449.875000,7.256623,689248347845020736
uint64_limbs,4096,9,128,79212834,618850.265625,6.618725,689248347845020736
word_blocks,4096,9,4096,49984708,12203.297852,335.646974,4612679347921848320
original_full_nat,16384,1,32,72407833,2262744.781250,7.240764,2938817658696628752
uint64_limbs,16384,1,32,78398583,2449955.718750,6.687468,2938817658696628752
word_blocks,16384,1,2048,64560500,31523.681641,519.736247,12105518801831101440
word_blocks,16384,2,2048,64555875,31521.423340,519.773483,12105518801831101440
uint64_limbs,16384,2,32,77795084,2431096.375000,6.739346,2938817658696628752
original_full_nat,16384,2,32,72034708,2251084.625000,7.278269,2938817658696628752
original_full_nat,16384,3,32,74792708,2337272.125000,7.009881,2938817658696628752
uint64_limbs,16384,3,32,79038083,2469940.093750,6.633359,2938817658696628752
word_blocks,16384,3,2048,64100750,31299.194336,523.463953,12105518801831101440
word_blocks,16384,4,2048,63447917,30980.428223,528.850017,12105518801831101440
uint64_limbs,16384,4,32,76805250,2400164.062500,6.826200,2938817658696628752
original_full_nat,16384,4,32,71560708,2236272.125000,7.326479,2938817658696628752
original_full_nat,16384,5,32,71068833,2220901.031250,7.377186,2938817658696628752
uint64_limbs,16384,5,32,76222541,2381954.406250,6.878385,2938817658696628752
word_blocks,16384,5,2048,64343250,31417.602539,521.491097,12105518801831101440
word_blocks,16384,6,2048,66656750,32547.241211,503.391359,12105518801831101440
uint64_limbs,16384,6,32,77917875,2434933.593750,6.728726,2938817658696628752
original_full_nat,16384,6,32,73013250,2281664.062500,7.180724,2938817658696628752
original_full_nat,16384,7,32,71580042,2236876.312500,7.324500,2938817658696628752
uint64_limbs,16384,7,32,76787208,2399600.250000,6.827804,2938817658696628752
word_blocks,16384,7,2048,63883750,31193.237305,525.242053,12105518801831101440
word_blocks,16384,8,2048,63826333,31165.201660,525.714551,12105518801831101440
uint64_limbs,16384,8,32,76886292,2402696.625000,6.819005,2938817658696628752
original_full_nat,16384,8,32,73011500,2281609.375000,7.180896,2938817658696628752
original_full_nat,16384,9,32,73121583,2285049.468750,7.170085,2938817658696628752
uint64_limbs,16384,9,32,78533667,2454177.093750,6.675965,2938817658696628752
word_blocks,16384,9,2048,65541583,32002.726074,511.956387,12105518801831101440
